frame_path,mean_intensity,std_intensity,edge_density,histogram_diff,ssim,edge_diff
data\frames\input_video_1\input_video_1_frame_00000_0.00s.jpg,47.53174045138889,55.9806293182132,0.03315972222222222,0.0,1.0,0.0
data\frames\input_video_1\input_video_1_frame_00001_1.00s.jpg,46.594952256944445,55.173784344202524,0.03284722222222222,0.06791042440467798,0.7750216512388334,8.037369791666666
data\frames\input_video_1\input_video_1_frame_00002_2.00s.jpg,46.34331597222222,55.19355327734687,0.03559895833333333,0.05430812975981906,0.8195322880184431,8.108203125
data\frames\input_video_1\input_video_1_frame_00003_3.00s.jpg,45.94772135416667,56.08435135992948,0.032764756944444445,0.07474486789802319,0.7933134005005832,7.8392578125
data\frames\input_video_1\input_video_1_frame_00004_4.00s.jpg,45.75039496527778,56.26690766203057,0.034088541666666666,0.050944891968006716,0.8581144821990856,6.123763020833334
data\frames\input_video_1\input_video_1_frame_00005_5.00s.jpg,47.3755859375,55.867830281631335,0.03628038194444445,0.0756387814048868,0.8063539145887986,7.299153645833333
data\frames\input_video_1\input_video_1_frame_00006_6.00s.jpg,45.13131510416667,54.491408362571,0.032660590277777776,0.05953062081575948,0.8212291436888388,7.047916666666667
data\frames\input_video_1\input_video_1_frame_00007_7.00s.jpg,46.50671875,54.97205609567625,0.03382378472222222,0.05721385577873363,0.8699450530826174,5.80390625
data\frames\input_video_1\input_video_1_frame_00008_8.00s.jpg,45.42466579861111,54.399170490967265,0.031723090277777775,0.07395377804159539,0.8474601090021907,6.439192708333334
data\frames\input_video_1\input_video_1_frame_00009_9.00s.jpg,44.39075954861111,53.94208332074424,0.030477430555555556,0.043368653410963555,0.9005375020898245,5.167513020833334
data\frames\input_video_1\input_video_1_frame_00010_10.00s.jpg,44.216961805555556,54.148777274770545,0.031575520833333336,0.058905846259395475,0.8721179663968587,5.0966796875
data\frames\input_video_1\input_video_1_frame_00011_11.00s.jpg,48.710611979166664,56.4991582123605,0.040334201388888886,0.0816796538766657,0.8172053235954647,7.572526041666666
data\frames\input_video_1\input_video_1_frame_00012_12.00s.jpg,48.61763020833333,55.964173497134944,0.04093315972222222,0.05745891260680122,0.8463042811664732,8.356119791666666
data\frames\input_video_1\input_video_1_frame_00013_13.00s.jpg,45.34100260416667,54.723147883437434,0.031688368055555555,0.09993071737736932,0.8278248032448379,7.242708333333334
data\frames\input_video_1\input_video_1_frame_00014_14.00s.jpg,44.41180121527778,54.44633793038729,0.02460503472222222,0.0651461365946817,0.8221936980867999,6.116015625
data\frames\input_video_1\input_video_1_frame_00015_15.00s.jpg,46.86388454861111,54.12922296696586,0.03246527777777778,0.0841032751859459,0.8131986667368821,7.011393229166667
data\frames\input_video_1\input_video_1_frame_00016_16.00s.jpg,51.94739583333333,57.83394979098911,0.037395833333333336,0.09010554694376034,0.7643947143641576,9.677604166666667
data\frames\input_video_1\input_video_1_frame_00017_17.00s.jpg,46.311588541666666,55.781982334851655,0.032413194444444446,0.11413388450239403,0.754366656904713,8.484505208333333
data\frames\input_video_1\input_video_1_frame_00018_18.00s.jpg,53.50181423611111,64.30966166536801,0.03652777777777778,0.11167604612661272,0.7496837310709968,8.96484375
data\frames\input_video_1\input_video_1_frame_00019_19.00s.jpg,46.593363715277775,57.10734134937859,0.032391493055555554,0.09276310708648831,0.7671347239559271,9.4197265625
data\frames\input_video_1\input_video_1_frame_00020_20.00s.jpg,46.43909288194445,56.87413626062742,0.030616319444444446,0.04386624108726333,0.8841401861065739,5.596940104166666
data\frames\input_video_1\input_video_1_frame_00021_21.00s.jpg,43.145755208333334,55.173306390483184,0.027356770833333332,0.11088183824680345,0.858496747902444,4.510091145833333
data\frames\input_video_1\input_video_1_frame_00022_22.00s.jpg,43.502682291666666,55.27262531420736,0.028276909722222222,0.04294733251412818,0.907592089741646,3.54609375
data\frames\input_video_1\input_video_1_frame_00023_23.00s.jpg,45.33378472222222,56.984464890010834,0.03177951388888889,0.05319672646070549,0.8682699777111317,4.819986979166667
data\frames\input_video_1\input_video_1_frame_00024_24.00s.jpg,46.76137586805555,57.53654212049396,0.032348090277777776,0.08547898390356128,0.8385964244203488,6.070638020833333
data\frames\input_video_1\input_video_1_frame_00025_25.00s.jpg,47.13595486111111,57.0688571725777,0.03289496527777778,0.042793834495207864,0.8160667364583515,6.788932291666667
data\frames\input_video_1\input_video_1_frame_00026_26.00s.jpg,47.206966145833334,56.781536369490354,0.033051215277777775,0.059333234182297995,0.8068631011687343,8.015234375
data\frames\input_video_1\input_video_1_frame_00027_27.00s.jpg,47.303637152777775,56.89057388085782,0.033637152777777776,0.05069170340217798,0.801270078224847,8.153580729166666
data\frames\input_video_1\input_video_1_frame_00028_28.00s.jpg,46.33534288194444,56.57946758252823,0.0331640625,0.05958007424276049,0.8110027166631459,7.232747395833333
data\frames\input_video_1\input_video_1_frame_00029_29.00s.jpg,45.811861979166665,57.3087596388376,0.03537760416666667,0.06630268283731347,0.8090312752168392,7.486197916666667
data\frames\input_video_1\input_video_1_frame_00030_30.00s.jpg,45.302921006944445,57.876590197217105,0.03601996527777778,0.04963959893704842,0.8326907473127695,6.780078125
data\frames\input_video_1\input_video_1_frame_00031_31.00s.jpg,46.60807725694445,58.427474807337745,0.03602864583333333,0.11656660094871958,0.7871067803958145,8.077213541666667
data\frames\input_video_1\input_video_1_frame_00032_32.00s.jpg,47.39279947916667,58.68415482177071,0.03804253472222222,0.04641266963725843,0.9017045759350503,4.838802083333333
data\frames\input_video_1\input_video_1_frame_00033_33.00s.jpg,47.6354296875,58.01202776491239,0.03651041666666666,0.06035698441801361,0.8491378700903867,6.3650390625
data\frames\input_video_1\input_video_1_frame_00034_34.00s.jpg,47.75401041666667,57.478574899332926,0.036041666666666666,0.04238689710237629,0.8258006771154186,6.939453125
data\frames\input_video_1\input_video_1_frame_00035_35.00s.jpg,47.4837890625,57.28278368454129,0.03717013888888889,0.05073168157784156,0.8210464214914541,7.408723958333334
data\frames\input_video_1\input_video_1_frame_00036_36.00s.jpg,47.06443576388889,57.427893775142046,0.03662760416666667,0.07770694427341826,0.8059345898486596,7.775065104166667
data\frames\input_video_1\input_video_1_frame_00037_37.00s.jpg,47.00844618055555,57.75232873054491,0.038246527777777775,0.048844353183527096,0.8453974575469807,6.787825520833334
data\frames\input_video_1\input_video_1_frame_00038_38.00s.jpg,61.230221354166666,71.58920733347333,0.05117621527777778,0.13938076309762945,0.7125008317896783,11.772721354166666
data\frames\input_video_1\input_video_1_frame_00039_39.00s.jpg,58.13805989583334,67.06976148467352,0.0478125,0.07847806637963953,0.8105188168787113,7.947721354166666
data\frames\input_video_1\input_video_1_frame_00040_40.00s.jpg,45.612782118055556,58.09540948397312,0.040824652777777776,0.14870679373456072,0.7477674878226382,9.279166666666667
data\frames\input_video_1\input_video_1_frame_00041_41.00s.jpg,46.292903645833334,58.459301132308006,0.04147569444444445,0.05560275418193609,0.889934019957185,4.15703125
data\frames\input_video_1\input_video_1_frame_00042_42.00s.jpg,47.71888454861111,58.91154825986009,0.04213975694444445,0.0648441714581393,0.8633819160272093,5.213997395833333
data\frames\input_video_1\input_video_1_frame_00043_43.00s.jpg,48.39065538194444,58.840663173632194,0.043585069444444444,0.06491720180119767,0.8307465667552992,6.5111328125
data\frames\input_video_1\input_video_1_frame_00044_44.00s.jpg,50.695234375,58.902226172888845,0.04247395833333333,0.07236838798771315,0.7975090734646804,7.990885416666667
data\frames\input_video_1\input_video_1_frame_00045_45.00s.jpg,48.63963975694445,58.981316389429175,0.04491319444444444,0.08531844156280403,0.8013017748446005,7.680989583333333
data\frames\input_video_1\input_video_1_frame_00046_46.00s.jpg,48.636471354166666,58.701945807117106,0.04550347222222222,0.05064083168426846,0.8523700098026274,6.875260416666666
data\frames\input_video_1\input_video_1_frame_00047_47.00s.jpg,50.33257378472222,59.29860039151846,0.043263888888888886,0.05884416206684013,0.808570401970032,7.563671875
data\frames\input_video_1\input_video_1_frame_00048_48.00s.jpg,49.11892795138889,58.1168071531558,0.03788628472222222,0.08015869819830501,0.770334479767765,9.4263671875
data\frames\input_video_1\input_video_1_frame_00049_49.00s.jpg,48.688203125,57.68501782068399,0.038524305555555555,0.03982143689607193,0.8100253826342325,8.611783854166667
data\frames\input_video_1\input_video_1_frame_00050_50.00s.jpg,48.26302951388889,57.49235312548425,0.03578125,0.04782637265184536,0.8377512744323554,7.619010416666667
data\frames\input_video_1\input_video_1_frame_00051_51.00s.jpg,47.32174913194444,59.011280973925594,0.045559895833333336,0.09268910715485792,0.7558407357514204,10.134700520833333
data\frames\input_video_1\input_video_1_frame_00052_52.00s.jpg,48.36940972222222,59.67500824778991,0.04688368055555556,0.05291714962157813,0.8858869904265066,4.999283854166666
data\frames\input_video_1\input_video_1_frame_00053_53.00s.jpg,49.784856770833336,58.73839441241043,0.04138454861111111,0.08113385569211753,0.779915041986772,8.903971354166666
data\frames\input_video_1\input_video_1_frame_00054_54.00s.jpg,49.30271267361111,59.01013692580719,0.04843315972222222,0.07779048775868869,0.7675349542239767,9.1375
data\frames\input_video_1\input_video_1_frame_00055_55.00s.jpg,48.38588107638889,58.34656812181412,0.04614149305555556,0.054860039848296224,0.8487026409651468,5.699869791666667
data\frames\input_video_1\input_video_1_frame_00056_56.00s.jpg,48.48761284722222,58.35755645303834,0.047135416666666666,0.053613441745330705,0.8564219445810004,5.8869140625
data\frames\input_video_1\input_video_1_frame_00057_57.00s.jpg,50.73582465277778,58.41720141752226,0.04531684027777778,0.08605089837003566,0.7860407968019222,8.560872395833334
data\frames\input_video_1\input_video_1_frame_00058_58.00s.jpg,49.58705295138889,58.615096222022764,0.04833333333333333,0.0889495621016031,0.7846056451887589,8.259830729166667
data\frames\input_video_1\input_video_1_frame_00059_59.00s.jpg,48.318046875,56.750992716518205,0.04243489583333333,0.10427067892790465,0.7791929135640429,8.507747395833333
data\frames\input_video_1\input_video_1_frame_00060_60.00s.jpg,46.68775173611111,55.94879883696768,0.03732204861111111,0.06005289022122203,0.8451717887375566,6.076171875
data\frames\input_video_1\input_video_1_frame_00061_61.00s.jpg,43.832942708333334,60.58261762977223,0.04648003472222222,0.23631484961980131,0.7488107074731947,8.730208333333334
data\frames\input_video_1\input_video_1_frame_00062_62.00s.jpg,43.658129340277775,59.725340131239925,0.04318142361111111,0.11494851675599914,0.8673084400772664,4.838802083333333
data\frames\input_video_1\input_video_1_frame_00063_63.00s.jpg,48.319500868055556,56.8911520708823,0.040368923611111114,0.19968151895191136,0.7574261137539474,9.458463541666667
data\frames\input_video_1\input_video_1_frame_00064_64.00s.jpg,49.56233940972222,58.22866310974343,0.04645833333333333,0.08776537869202845,0.7631850965261339,10.499934895833333
data\frames\input_video_1\input_video_1_frame_00065_65.00s.jpg,48.20569878472222,59.81773445680375,0.04725694444444444,0.09118016703445393,0.7991449581567607,7.171875
data\frames\input_video_1\input_video_1_frame_00066_66.00s.jpg,49.85931423611111,58.082411062876425,0.04353298611111111,0.12327009700124762,0.7805164167071267,7.970963541666666
data\frames\input_video_1\input_video_1_frame_00067_67.00s.jpg,49.0967578125,58.02606656448939,0.044483506944444445,0.049289557878072196,0.8390426992114093,6.553190104166666
data\frames\input_video_1\input_video_1_frame_00068_68.00s.jpg,47.548198784722224,59.66337335070391,0.04375,0.18026886148125534,0.7393488711608494,9.793815104166667
data\frames\input_video_1\input_video_1_frame_00069_69.00s.jpg,48.741796875,60.702339110674735,0.04258680555555556,0.06799155662403512,0.8330714428076254,6.184635416666667
data\frames\input_video_1\input_video_1_frame_00070_70.00s.jpg,48.814127604166664,56.413794202117415,0.04022135416666667,0.17306045661619288,0.6794775621675913,12.751106770833333
data\frames\input_video_1\input_video_1_frame_00071_71.00s.jpg,49.34573350694444,58.270716947582095,0.047764756944444445,0.07386762229512475,0.7626936411057266,10.275260416666667
data\frames\input_video_1\input_video_1_frame_00072_72.00s.jpg,51.599231770833335,58.011708111860116,0.047621527777777777,0.08238016534469733,0.7994277084927613,8.698111979166667
data\frames\input_video_1\input_video_1_frame_00073_73.00s.jpg,48.820078125,57.83541863730416,0.04474826388888889,0.08435241901394214,0.7746113905563448,9.963151041666666
data\frames\input_video_1\input_video_1_frame_00074_74.00s.jpg,51.28925347222222,58.51486779073928,0.04559027777777778,0.06843609578027464,0.7914113507128,9.208333333333334
data\frames\input_video_1\input_video_1_frame_00075_75.00s.jpg,50.46635416666667,57.56445749994918,0.04609375,0.09846615481072442,0.7826853676269182,9.307942708333334
data\frames\input_video_1\input_video_1_frame_00076_76.00s.jpg,48.037708333333335,58.392764605642114,0.045915798611111114,0.1252349089887588,0.7572716388575927,9.337825520833333
data\frames\input_video_1\input_video_1_frame_00077_77.00s.jpg,50.73927517361111,58.18994978578216,0.045147569444444445,0.11460045653344905,0.7503065681086514,9.475065104166667
data\frames\input_video_1\input_video_1_frame_00078_78.00s.jpg,52.119053819444446,59.64217724975215,0.04785590277777778,0.07707926816436406,0.7861966059263555,9.423046875
data\frames\input_video_1\input_video_1_frame_00079_79.00s.jpg,49.05023871527778,58.4021920773488,0.047565104166666664,0.10130898002100089,0.7555187467801386,10.074934895833334
data\frames\input_video_1\input_video_1_frame_00080_80.00s.jpg,51.653958333333335,59.96844948791303,0.049340277777777775,0.09504780034185957,0.8055198098271442,8.7025390625
data\frames\input_video_1\input_video_1_frame_00081_81.00s.jpg,51.46424045138889,58.88457611792766,0.050099826388888886,0.07123251573236909,0.8362374197808028,7.921158854166666
data\frames\input_video_1\input_video_1_frame_00082_82.00s.jpg,49.82118923611111,58.46583097240687,0.045603298611111114,0.06712390227269281,0.7683348179133559,8.986979166666666
data\frames\input_video_1\input_video_1_frame_00083_83.00s.jpg,51.5333984375,58.1090799957042,0.04735677083333333,0.0732162962246045,0.7850327425351951,8.849739583333333
data\frames\input_video_1\input_video_1_frame_00084_84.00s.jpg,53.519253472222225,59.58737896345469,0.05058159722222222,0.09619828648466058,0.7537296698605024,10.5353515625
data\frames\input_video_1\input_video_1_frame_00085_85.00s.jpg,50.12982638888889,57.69454688785465,0.047447916666666666,0.0870277098397284,0.756385783095587,9.84140625
data\frames\input_video_1\input_video_1_frame_00086_86.00s.jpg,46.23957899305555,58.71048103768969,0.0443359375,0.20373643239311612,0.7287408244935382,10.725716145833333
data\frames\input_video_1\input_video_1_frame_00087_87.00s.jpg,42.59828993055555,59.83459304493881,0.04457899305555556,0.1595081925323248,0.824251677269859,6.569791666666666
data\frames\input_video_1\input_video_1_frame_00088_88.00s.jpg,45.503641493055554,55.16499238021313,0.03459635416666667,0.2235614667717833,0.7951965669233408,7.26484375
data\frames\input_video_1\input_video_1_frame_00089_89.00s.jpg,48.83114583333333,58.798393222621876,0.04940972222222222,0.08803377503706578,0.7798553499295661,9.149674479166666
data\frames\input_video_1\input_video_1_frame_00090_90.00s.jpg,48.978489583333335,60.12606820034493,0.05167534722222222,0.05570630501718185,0.8753088758879268,6.375
data\frames\input_video_1\input_video_1_frame_00091_91.00s.jpg,51.5266015625,59.43002979691688,0.04911892361111111,0.09976024423120587,0.78524210775051,9.5591796875
data\frames\input_video_1\input_video_1_frame_00092_92.00s.jpg,47.89879774305555,58.765781319660285,0.048138020833333336,0.10019891327715535,0.7947241807658797,8.544270833333334
data\frames\input_video_1\input_video_1_frame_00093_93.00s.jpg,50.48375434027778,58.32763272712825,0.04662326388888889,0.11135937974421695,0.8018105185992669,7.4806640625
data\frames\input_video_1\input_video_1_frame_00094_94.00s.jpg,47.58871527777778,58.706184927115736,0.047200520833333336,0.11588347449922921,0.7968799107335867,7.3943359375
data\frames\input_video_1\input_video_1_frame_00095_95.00s.jpg,49.14107638888889,58.9709212288353,0.05095052083333333,0.05966013551717445,0.8435971639181449,6.244401041666666
data\frames\input_video_1\input_video_1_frame_00096_96.00s.jpg,49.88,59.656900687621864,0.050342881944444445,0.06829538434335698,0.842848895263578,7.058984375
data\frames\input_video_1\input_video_1_frame_00097_97.00s.jpg,49.912608506944444,58.16048481403271,0.04620659722222222,0.08835643026192182,0.7540953965610164,10.7013671875
data\frames\input_video_1\input_video_1_frame_00098_98.00s.jpg,50.82677951388889,59.35567919457499,0.04791666666666667,0.08205022062450461,0.7472092253793938,10.589583333333334
data\frames\input_video_1\input_video_1_frame_00099_99.00s.jpg,50.15232638888889,58.34621442427495,0.050134548611111114,0.09511122839050473,0.7770077141631581,9.966471354166666
data\frames\input_video_1\input_video_1_frame_00100_100.00s.jpg,52.200772569444446,58.770991841571174,0.047734375,0.06796383678063135,0.828348418847382,7.571419270833333
data\frames\input_video_1\input_video_1_frame_00101_101.00s.jpg,50.431953125,58.702637127593455,0.05148003472222222,0.059364949928057575,0.7945070582304944,8.235481770833333
data\frames\input_video_1\input_video_1_frame_00102_102.00s.jpg,47.760082465277776,56.75725782174988,0.038901909722222225,0.1189653241811458,0.7541086171374141,9.675390625
data\frames\input_video_1\input_video_1_frame_00103_103.00s.jpg,43.14927517361111,58.18340528090691,0.04795572916666667,0.2137533900041411,0.6373975335156671,16.085807291666665
data\frames\input_video_1\input_video_1_frame_00104_104.00s.jpg,42.34041666666667,57.82722314174114,0.043307291666666664,0.0713059664305566,0.8405267105076579,5.479622395833333
data\frames\input_video_1\input_video_1_frame_00105_105.00s.jpg,47.2515234375,56.40855442989219,0.04822048611111111,0.1696000751407255,0.7651357592260478,8.280859375
data\frames\input_video_1\input_video_1_frame_00106_106.00s.jpg,45.15013888888889,59.50864273989619,0.04852430555555556,0.17632448055464525,0.7569856577485149,9.752864583333333
data\frames\input_video_1\input_video_1_frame_00107_107.00s.jpg,44.869066840277775,57.993115429651226,0.04337673611111111,0.10053343802755062,0.8146415957876986,8.716927083333333
data\frames\input_video_1\input_video_1_frame_00108_108.00s.jpg,47.93337239583333,57.12032356100368,0.049578993055555555,0.1349580267047636,0.7688211021455595,10.139127604166667
data\frames\input_video_1\input_video_1_frame_00109_109.00s.jpg,44.47343315972222,58.66797714653954,0.04248697916666667,0.1506216283162054,0.7738527069330675,10.21328125
data\frames\input_video_1\input_video_1_frame_00110_110.00s.jpg,48.60541666666666,57.548194538300294,0.04786024305555556,0.13653406965380302,0.7516928243549262,10.299609375
data\frames\input_video_1\input_video_1_frame_00111_111.00s.jpg,49.73153645833333,57.984209134246356,0.05279079861111111,0.08209891726711846,0.793176893552614,9.268098958333333
data\frames\input_video_1\input_video_1_frame_00112_112.00s.jpg,47.8056640625,56.78988646667259,0.04759982638888889,0.10621127634309759,0.8051270724432377,8.564192708333334
data\frames\input_video_1\input_video_1_frame_00113_113.00s.jpg,42.94940104166667,58.34674288272819,0.047521701388888886,0.17167345348330268,0.775039611254589,8.533203125
data\frames\input_video_1\input_video_1_frame_00114_114.00s.jpg,48.201953125,56.176846610891545,0.04860677083333333,0.2012653900818211,0.7904684113745672,7.537109375
data\frames\input_video_1\input_video_1_frame_00115_115.00s.jpg,50.9514453125,58.1955666258831,0.05724826388888889,0.08365541812055008,0.7922431979529352,8.819856770833333
data\frames\input_video_1\input_video_1_frame_00116_116.00s.jpg,49.234622395833334,56.8080689819969,0.052052951388888886,0.06309734952324689,0.8162693303536707,7.3345703125
data\frames\input_video_1\input_video_1_frame_00117_117.00s.jpg,50.89194444444445,57.76657589827185,0.05528211805555556,0.06841728690062862,0.8347851136919309,7.11875
data\frames\input_video_1\input_video_1_frame_00118_118.00s.jpg,50.12401475694445,57.403109548102435,0.0573828125,0.05681213241039644,0.7823520939454942,9.912239583333333
data\frames\input_video_1\input_video_1_frame_00119_119.00s.jpg,53.30706597222222,59.7586089544365,0.053046875,0.06568885007272911,0.8059951602825436,9.9044921875
data\frames\input_video_1\input_video_1_frame_00120_120.00s.jpg,50.264813368055556,56.388235155786404,0.055299479166666665,0.07861851977988968,0.7405300670445195,10.911653645833333
data\frames\input_video_1\input_video_1_frame_00121_121.00s.jpg,49.41322916666667,56.72210826748768,0.05361111111111111,0.0678331246773184,0.7724135800212613,10.052799479166667
data\frames\input_video_1\input_video_1_frame_00122_122.00s.jpg,51.58976128472222,56.422636225859335,0.05503472222222222,0.08488267313360782,0.7557076461017601,9.996354166666666
data\frames\input_video_1\input_video_1_frame_00123_123.00s.jpg,51.18152777777778,57.08994866557613,0.05534722222222222,0.09415099787558796,0.745225393515086,9.434114583333333
data\frames\input_video_1\input_video_1_frame_00124_124.00s.jpg,49.06698784722222,56.257583983707306,0.053059895833333336,0.08567793514005041,0.7532357418964829,9.8779296875
data\frames\input_video_1\input_video_1_frame_00125_125.00s.jpg,49.88426215277778,56.93047026881561,0.054765625,0.06590389832159191,0.7860553939532671,9.767252604166666
data\frames\input_video_1\input_video_1_frame_00126_126.00s.jpg,50.209986979166665,56.512979535584684,0.054348958333333336,0.06740782911569655,0.7779158380507505,9.980859375
data\frames\input_video_1\input_video_1_frame_00127_127.00s.jpg,51.90036892361111,57.96905020020507,0.05460503472222222,0.07486375041955962,0.7455197495783099,10.6216796875
data\frames\input_video_1\input_video_1_frame_00128_128.00s.jpg,51.30682291666667,57.857182060205865,0.05970486111111111,0.06911793889455214,0.7976762157419163,8.9748046875
data\frames\input_video_1\input_video_1_frame_00129_129.00s.jpg,48.600733506944444,56.99911153349498,0.05433159722222222,0.07887757570086153,0.795548154666725,9.730729166666666
data\frames\input_video_1\input_video_1_frame_00130_130.00s.jpg,50.09947916666667,56.903885214513345,0.05385416666666667,0.0815932990196162,0.7817986927216032,9.183984375
data\frames\input_video_1\input_video_1_frame_00131_131.00s.jpg,49.4301953125,56.42173634484067,0.05304253472222222,0.0394081245956375,0.8633486852387506,7.325716145833334
data\frames\input_video_1\input_video_1_frame_00132_132.00s.jpg,44.219327256944446,55.12835235364805,0.0415234375,0.1530129828012674,0.7805034947591569,9.106510416666667
data\frames\input_video_1\input_video_1_frame_00133_133.00s.jpg,41.367022569444444,53.36323924870073,0.0169921875,0.06677209817891211,0.7796702719421039,9.431901041666666
data\frames\input_video_1\input_video_1_frame_00134_134.00s.jpg,42.56823784722222,54.4413376933944,0.020277777777777777,0.10584030292443597,0.8364545934418596,4.5255859375
data\frames\input_video_1\input_video_1_frame_00135_135.00s.jpg,51.676662326388886,62.76022324705082,0.0312109375,0.10653400540755206,0.7631343071002131,7.770638020833333
data\frames\input_video_1\input_video_1_frame_00136_136.00s.jpg,55.53088975694445,70.25666623167928,0.03167100694444445,0.12438116013635218,0.8019706059119045,7.346744791666667
data\frames\input_video_1\input_video_1_frame_00137_137.00s.jpg,54.9373828125,65.94344238697866,0.034409722222222223,0.11998723766716542,0.828790007233138,6.0529296875
data\frames\input_video_1\input_video_1_frame_00138_138.00s.jpg,41.54871961805556,54.709925922581654,0.016844618055555555,0.15886707587675938,0.7694174112303771,7.250455729166666
data\frames\input_video_1\input_video_1_frame_00139_139.00s.jpg,42.78757378472222,55.76795208843324,0.02065972222222222,0.04849624809297199,0.8861234726593996,3.5162109375
data\frames\input_video_1\input_video_1_frame_00140_140.00s.jpg,43.93075520833333,56.154782421797194,0.023368055555555555,0.05489355739456968,0.8571679723419434,4.756901041666667
data\frames\input_video_1\input_video_1_frame_00141_141.00s.jpg,44.75131076388889,56.22438470018007,0.024053819444444444,0.04381727744621561,0.8491993657362332,4.960546875
data\frames\input_video_1\input_video_1_frame_00142_142.00s.jpg,45.27126302083333,56.28209575573969,0.025911458333333335,0.032642987676243976,0.8717642337703044,4.978255208333334
data\frames\input_video_1\input_video_1_frame_00143_143.00s.jpg,42.667026909722225,54.807796908938315,0.022834201388888888,0.062415509039270414,0.845264337247703,5.134309895833334
data\frames\input_video_1\input_video_1_frame_00144_144.00s.jpg,53.056705729166666,63.78620044277256,0.033745659722222224,0.10712937181159132,0.7574064197807161,7.804947916666666
data\frames\input_video_1\input_video_1_frame_00145_145.00s.jpg,55.93796875,70.47376991387664,0.036644965277777775,0.10734169045420132,0.8169529499432089,6.36171875
data\frames\input_video_1\input_video_1_frame_00146_146.00s.jpg,56.18369791666667,70.61541734305439,0.03640625,0.04186447666310822,0.9415992001238496,3.0336588541666667
data\frames\input_video_1\input_video_1_frame_00147_147.00s.jpg,41.94079427083334,55.19732835971039,0.022039930555555556,0.10107665046334427,0.8452139919739139,6.421484375
data\frames\input_video_1\input_video_1_frame_00148_148.00s.jpg,41.95958767361111,55.06092162263681,0.022235243055555555,0.04751291171575365,0.9011234415990796,3.0314453125
data\frames\input_video_1\input_video_1_frame_00149_149.00s.jpg,44.018255208333336,56.664382966336994,0.02599826388888889,0.05198875972067609,0.8679950438185655,4.3794921875
data\frames\input_video_1\input_video_1_frame_00150_150.00s.jpg,44.87838975694444,56.82260596472495,0.027174479166666668,0.051475967919440646,0.8535438087814455,5.271549479166667
data\frames\input_video_1\input_video_1_frame_00151_151.00s.jpg,45.92208767361111,57.12028641186564,0.029348958333333335,0.042551469428218976,0.8470166442722843,5.758528645833334
data\frames\input_video_1\input_video_1_frame_00152_152.00s.jpg,44.659344618055556,57.04896395301269,0.029969618055555557,0.1074391464628163,0.8445216456040867,5.889127604166666
data\frames\input_video_1\input_video_1_frame_00153_153.00s.jpg,45.38887152777778,55.01653912730239,0.02865017361111111,0.1104000033636484,0.8426918290749023,5.744140625
data\frames\input_video_1\input_video_1_frame_00154_154.00s.jpg,46.47694444444444,55.91321631217358,0.033359375,0.08477949981331089,0.7972442652592602,7.3013671875
data\frames\input_video_1\input_video_1_frame_00155_155.00s.jpg,46.56361111111111,56.46263082181867,0.03596354166666667,0.056730529599494754,0.8476865154354184,7.169661458333334
data\frames\input_video_1\input_video_1_frame_00156_156.00s.jpg,49.070577256944446,55.62366522053433,0.03362413194444445,0.1143283060541601,0.7536621062484791,8.492252604166667
data\frames\input_video_1\input_video_1_frame_00157_157.00s.jpg,48.41162326388889,55.06077641365709,0.02993923611111111,0.047283595563308266,0.8462141164899206,6.626236979166666
data\frames\input_video_1\input_video_1_frame_00158_158.00s.jpg,51.33038628472222,57.92731518061934,0.039348958333333336,0.08154358444669382,0.7824279441574601,8.163541666666667
data\frames\input_video_1\input_video_1_frame_00159_159.00s.jpg,48.115017361111114,55.385094783088014,0.037547743055555555,0.07397685080005359,0.748668071322188,9.968684895833333
data\frames\input_video_1\input_video_1_frame_00160_160.00s.jpg,49.211015625,56.55017886223217,0.03588541666666667,0.07575670980632342,0.761569885017016,9.171809895833333
data\frames\input_video_1\input_video_1_frame_00161_161.00s.jpg,48.70162760416667,55.80675772180596,0.036432291666666665,0.07424322469922744,0.7702479141387061,8.785546875
data\frames\input_video_1\input_video_1_frame_00162_162.00s.jpg,46.603216145833336,59.16570654359026,0.03209201388888889,0.20512831919300856,0.7222293503849643,8.2609375
data\frames\input_video_1\input_video_1_frame_00163_163.00s.jpg,47.430538194444445,57.11723401553464,0.032456597222222223,0.1473368697733913,0.7567872660184823,6.651692708333333
data\frames\input_video_1\input_video_1_frame_00164_164.00s.jpg,44.68375,56.14077732182385,0.03008246527777778,0.07758054696350226,0.8268128868566136,5.858138020833334
data\frames\input_video_1\input_video_1_frame_00165_165.00s.jpg,44.625186631944445,56.526129698784864,0.03075954861111111,0.040492280416261385,0.8654750029944643,4.849869791666666
data\frames\input_video_1\input_video_1_frame_00166_166.00s.jpg,46.75365451388889,57.19005534374764,0.03689670138888889,0.09397538490522578,0.8377820271689569,6.448046875
data\frames\input_video_1\input_video_1_frame_00167_167.00s.jpg,45.79445746527778,56.16262848375172,0.034405381944444445,0.06622043230736725,0.8358245659740554,7.306901041666666
data\frames\input_video_1\input_video_1_frame_00168_168.00s.jpg,46.084934895833335,56.41171264365104,0.031011284722222223,0.0769690341199089,0.8470807056620385,6.226692708333333
data\frames\input_video_1\input_video_1_frame_00169_169.00s.jpg,47.66575520833333,57.37328223828791,0.03627604166666667,0.04908463760016718,0.8417469243739585,6.5111328125
data\frames\input_video_1\input_video_1_frame_00170_170.00s.jpg,47.693454861111114,57.83808590470029,0.03875,0.04559272381996074,0.8407642342505431,7.984244791666667
data\frames\input_video_1\input_video_1_frame_00171_171.00s.jpg,45.273997395833334,55.59024982807606,0.0323046875,0.05358111268884092,0.8201195370060361,7.781705729166666
data\frames\input_video_1\input_video_1_frame_00172_172.00s.jpg,59.415026041666664,70.34008743919915,0.04374131944444445,0.1669716632157006,0.7247951879818837,10.685872395833334
data\frames\input_video_1\input_video_1_frame_00173_173.00s.jpg,46.91822916666667,57.38966094448096,0.031480034722222223,0.11228670253705911,0.7684254665036797,8.910611979166667
data\frames\input_video_1\input_video_1_frame_00174_174.00s.jpg,49.77903645833333,59.9913650016903,0.035907118055555555,0.05907250373711161,0.8869869489731914,5.062369791666667
data\frames\input_video_1\input_video_1_frame_00175_175.00s.jpg,45.116922743055554,56.0151068265288,0.030868055555555555,0.07291292536935783,0.7937847691557554,7.648893229166666
data\frames\input_video_1\input_video_1_frame_00176_176.00s.jpg,45.58696614583334,55.29182222799549,0.03044704861111111,0.06844538514485,0.8301658058562622,5.5880859375
data\frames\input_video_1\input_video_1_frame_00177_177.00s.jpg,49.288715277777776,57.203432231933235,0.041966145833333336,0.08115837893622994,0.7765344878940568,8.338411458333333
data\frames\input_video_1\input_video_1_frame_00178_178.00s.jpg,48.244709201388886,56.88707701639499,0.040894097222222224,0.049421865068577604,0.8307976425457497,8.917252604166666
data\frames\input_video_1\input_video_1_frame_00179_179.00s.jpg,48.68233506944444,56.94049518374136,0.039496527777777776,0.07534932774552401,0.7471856480045667,10.432421875
data\frames\input_video_1\input_video_1_frame_00180_180.00s.jpg,46.80963975694444,54.40301537189141,0.03620225694444444,0.05641389718480461,0.7596599360179641,9.151888020833333
data\frames\input_video_1\input_video_1_frame_00181_181.00s.jpg,48.16351128472222,55.46583810977249,0.038207465277777776,0.048500845298883107,0.7860224498582051,8.094921875
data\frames\input_video_1\input_video_1_frame_00182_182.00s.jpg,48.52348090277778,56.3985952780887,0.03943142361111111,0.06854851043437318,0.7857644466857352,8.812109375
data\frames\input_video_1\input_video_1_frame_00183_183.00s.jpg,48.74916232638889,57.43595453194993,0.038519965277777776,0.08479877934837168,0.7970553244466125,8.659375
data\frames\input_video_1\input_video_1_frame_00184_184.00s.jpg,48.79869357638889,56.439552003991956,0.039678819444444444,0.09633841813389635,0.7784517707647134,8.939388020833333
data\frames\input_video_1\input_video_1_frame_00185_185.00s.jpg,47.988559027777775,55.58046140762697,0.04230034722222222,0.07082355746660028,0.8070028967593914,9.392057291666667
data\frames\input_video_1\input_video_1_frame_00186_186.00s.jpg,47.37201388888889,55.01892911105763,0.03997829861111111,0.0642919358837469,0.7924314588274698,9.809309895833334
data\frames\input_video_1\input_video_1_frame_00187_187.00s.jpg,47.93241319444444,56.95720697870798,0.039249131944444446,0.08393929078138408,0.7676240010262538,9.498307291666666
data\frames\input_video_1\input_video_1_frame_00188_188.00s.jpg,44.686875,53.91086103105176,0.02930121527777778,0.07970343535967209,0.8287171263333617,6.38828125
data\frames\input_video_1\input_video_1_frame_00189_189.00s.jpg,46.219340277777775,56.23980430050599,0.034344618055555554,0.08740677368346278,0.8344712350596623,5.578125
data\frames\input_video_1\input_video_1_frame_00190_190.00s.jpg,45.50256944444445,57.17664425193073,0.034027777777777775,0.07858052788475747,0.8158802296826235,6.900716145833333
data\frames\input_video_1\input_video_1_frame_00191_191.00s.jpg,49.3021484375,57.135791093293165,0.03759114583333333,0.14322498930157954,0.7735679376876318,8.0251953125
data\frames\input_video_1\input_video_1_frame_00192_192.00s.jpg,49.49378472222222,57.69223267798121,0.04240885416666667,0.06792701164799497,0.8248338825350063,7.811588541666667
data\frames\input_video_1\input_video_1_frame_00193_193.00s.jpg,47.80035590277778,56.39309841181316,0.03655381944444445,0.06501631330256082,0.7588561802203634,9.169596354166666
data\frames\input_video_1\input_video_1_frame_00194_194.00s.jpg,45.86083767361111,55.8490108212757,0.03683159722222222,0.08407791599032283,0.8162131809523021,7.116536458333333
data\frames\input_video_1\input_video_1_frame_00195_195.00s.jpg,45.60273003472222,55.87974479927081,0.03260416666666666,0.06182912910474921,0.854708899256817,6.142578125
data\frames\input_video_1\input_video_1_frame_00196_196.00s.jpg,46.155985243055554,55.848758715190435,0.035034722222222224,0.052575411008608325,0.8456840784290321,5.558203125
data\frames\input_video_1\input_video_1_frame_00197_197.00s.jpg,46.085546875,56.186885883396705,0.0357421875,0.052648486239822344,0.8431102473426217,6.367252604166667
data\frames\input_video_1\input_video_1_frame_00198_198.00s.jpg,45.91917534722222,56.17565522488321,0.03495225694444445,0.05411494638241589,0.8490271847077746,6.368359375
data\frames\input_video_1\input_video_1_frame_00199_199.00s.jpg,47.79708333333333,56.93723545645337,0.0377734375,0.08059375212053903,0.8115266481089379,7.116536458333333
data\frames\input_video_1\input_video_1_frame_00200_200.00s.jpg,47.32278645833333,56.51586876046,0.03705295138888889,0.056371390579687625,0.860665937308423,6.284244791666667
data\frames\input_video_1\input_video_1_frame_00201_201.00s.jpg,47.30623697916667,57.02837263812521,0.037821180555555556,0.047835207452784266,0.8216249518818574,7.179622395833333
data\frames\input_video_1\input_video_1_frame_00202_202.00s.jpg,46.62401475694445,56.014294528456,0.03714409722222222,0.06359972044059933,0.8281752302714211,7.109895833333334
data\frames\input_video_1\input_video_1_frame_00203_203.00s.jpg,47.37073350694445,56.01433588730652,0.038315972222222223,0.08554468842324119,0.850744785985909,5.812760416666666
data\frames\input_video_1\input_video_1_frame_00204_204.00s.jpg,49.26485243055556,56.39912948189031,0.041106770833333334,0.05525762790235778,0.8127952442685239,7.458528645833334
data\frames\input_video_1\input_video_1_frame_00205_205.00s.jpg,49.22956163194444,56.44620008214975,0.043580729166666665,0.06761575441522354,0.8317668011902866,8.318489583333333
data\frames\input_video_1\input_video_1_frame_00206_206.00s.jpg,50.08494357638889,56.741000287110595,0.0455078125,0.044326319218619153,0.8415234126172605,8.85859375
data\frames\input_video_1\input_video_1_frame_00207_207.00s.jpg,45.87122829861111,55.75128122252517,0.03567708333333333,0.088600695166245,0.8161431740800861,8.202278645833333
data\frames\input_video_1\input_video_1_frame_00208_208.00s.jpg,48.014973958333336,57.534587964448875,0.03911892361111111,0.07824856310414076,0.8339104989494208,6.422591145833334
data\frames\input_video_1\input_video_1_frame_00209_209.00s.jpg,48.04407552083333,57.76830635975796,0.04003472222222222,0.04442803777339518,0.8600726110268677,6.6173828125
data\frames\input_video_1\input_video_1_frame_00210_210.00s.jpg,46.99864149305556,57.39780072909069,0.03881076388888889,0.05589668669664933,0.8224333103454431,7.209505208333334
data\frames\input_video_1\input_video_1_frame_00211_211.00s.jpg,47.270746527777774,56.987341309992566,0.036922743055555554,0.05285675196306775,0.8390158302973836,6.3783203125
data\frames\input_video_1\input_video_1_frame_00212_212.00s.jpg,48.95116319444445,58.459833688584666,0.038984375,0.09207441304203827,0.8075967109405839,6.559830729166666
data\frames\input_video_1\input_video_1_frame_00213_213.00s.jpg,48.95404079861111,58.64526029686056,0.04069444444444444,0.07030916100401398,0.8043683653647576,7.138671875
data\frames\input_video_1\input_video_1_frame_00214_214.00s.jpg,48.94470486111111,58.31649249238402,0.04517795138888889,0.07863845932900526,0.789976773622224,7.631184895833333
data\frames\input_video_1\input_video_1_frame_00215_215.00s.jpg,48.98539496527778,58.05218713931662,0.043302951388888886,0.07273908737336397,0.8430308204087608,7.23828125
data\frames\input_video_1\input_video_1_frame_00216_216.00s.jpg,49.3770703125,59.054985789730445,0.0433203125,0.059530445031129135,0.8233308086910425,7.218359375
data\frames\input_video_1\input_video_1_frame_00217_217.00s.jpg,49.369587673611115,58.981898319998834,0.04555121527777778,0.04965971643622993,0.8429499695100211,7.154166666666667
data\frames\input_video_1\input_video_1_frame_00218_218.00s.jpg,48.9881640625,58.61340721094331,0.045086805555555554,0.04328929119074071,0.8986701979685267,6.462434895833334
data\frames\input_video_1\input_video_1_frame_00219_219.00s.jpg,49.37609375,58.763130725463206,0.04590277777777778,0.05101110048961547,0.8559794989264508,7.014713541666667
data\frames\input_video_1\input_video_1_frame_00220_220.00s.jpg,48.68893229166667,57.888396269414145,0.0425,0.0731990129632828,0.8058074199476474,7.114322916666667
data\frames\input_video_1\input_video_1_frame_00221_221.00s.jpg,49.21664496527778,57.54668836578472,0.0452734375,0.09560530534505307,0.8092097290504846,7.303580729166667
data\frames\input_video_1\input_video_1_frame_00222_222.00s.jpg,51.89399739583333,59.56373126344839,0.049991319444444446,0.07717962838623228,0.8042776734377921,8.525455729166667
data\frames\input_video_1\input_video_1_frame_00223_223.00s.jpg,48.615221354166664,57.53399799621466,0.0453515625,0.08182727312754645,0.8126407114966832,8.014127604166667
data\frames\input_video_1\input_video_1_frame_00224_224.00s.jpg,48.22953993055555,57.636525139622016,0.0431640625,0.07768187702351335,0.8064250241228765,7.645572916666667
data\frames\input_video_1\input_video_1_frame_00225_225.00s.jpg,46.54420138888889,56.834336572166755,0.03980034722222222,0.05957181933922078,0.8139083812814829,6.5841796875
data\frames\input_video_1\input_video_1_frame_00226_226.00s.jpg,47.673420138888886,57.52601482853344,0.04306423611111111,0.052645113443660456,0.8639450178643229,5.653385416666667
data\frames\input_video_1\input_video_1_frame_00227_227.00s.jpg,45.37766059027778,57.47436655454853,0.033880208333333335,0.12847674000974435,0.8091135789486795,8.272005208333333
data\frames\input_video_1\input_video_1_frame_00228_228.00s.jpg,47.10836805555556,57.22906133447976,0.04025173611111111,0.09720571510219189,0.8394430615855791,6.857552083333333
data\frames\input_video_1\input_video_1_frame_00229_229.00s.jpg,48.12975260416667,58.9133868740967,0.046857638888888886,0.07632635353697155,0.8151628709138152,6.890755208333333
data\frames\input_video_1\input_video_1_frame_00230_230.00s.jpg,47.41884548611111,57.70597064104746,0.04342447916666667,0.07196525620508847,0.8279647619748705,6.9626953125
data\frames\input_video_1\input_video_1_frame_00231_231.00s.jpg,49.31729166666667,60.4636202859339,0.04578993055555555,0.08011499807586303,0.8081438500035962,6.951627604166666
data\frames\input_video_1\input_video_1_frame_00232_232.00s.jpg,49.652491319444444,58.656400926594394,0.04537326388888889,0.07440176129568002,0.8132377921356093,5.850390625
data\frames\input_video_1\input_video_1_frame_00233_233.00s.jpg,47.13592447916667,58.191026949332205,0.044830729166666666,0.0721099514655292,0.8366159666399858,5.928971354166666
data\frames\input_video_1\input_video_1_frame_00234_234.00s.jpg,51.52029947916667,58.3154731981147,0.04917534722222222,0.14243003463604528,0.7672088343085145,8.919466145833333
data\frames\input_video_1\input_video_1_frame_00235_235.00s.jpg,50.6284765625,59.48088668577214,0.05241319444444444,0.10935822991768587,0.7427556301543158,10.706901041666667
data\frames\input_video_1\input_video_1_frame_00236_236.00s.jpg,50.9141015625,59.157560661656774,0.05236545138888889,0.06054793872047924,0.8086253220656904,9.5857421875
data\frames\input_video_1\input_video_1_frame_00237_237.00s.jpg,51.14685763888889,59.90267159967362,0.04822048611111111,0.06999814307565064,0.8362952463455501,8.454622395833333
data\frames\input_video_1\input_video_1_frame_00238_238.00s.jpg,52.539500868055555,59.76606066481006,0.05071180555555556,0.061585070379110096,0.807908268163703,7.864713541666666
data\frames\input_video_1\input_video_1_frame_00239_239.00s.jpg,48.31575086805555,57.92086234952769,0.046163194444444444,0.08597843873941437,0.7857640294673778,8.24765625
data\frames\input_video_1\input_video_1_frame_00240_240.00s.jpg,48.172825520833335,57.79109248019652,0.045013020833333334,0.05933656625168007,0.8227249260653118,6.894075520833334
data\frames\input_video_1\input_video_1_frame_00241_241.00s.jpg,47.16905815972222,58.45914141813559,0.04388454861111111,0.08210248706274847,0.8434849727680221,6.14921875
data\frames\input_video_1\input_video_1_frame_00242_242.00s.jpg,47.09943142361111,58.789074370172905,0.04324652777777778,0.06967519292380182,0.8480841831148662,5.550455729166667
data\frames\input_video_1\input_video_1_frame_00243_243.00s.jpg,48.215421006944446,58.46353642387365,0.04646267361111111,0.054370937732067054,0.859947709566712,5.530533854166666
data\frames\input_video_1\input_video_1_frame_00244_244.00s.jpg,46.736705729166665,56.72705126654989,0.03798177083333333,0.07366136935409263,0.8242032577210896,6.237760416666666
data\frames\input_video_1\input_video_1_frame_00245_245.00s.jpg,43.184184027777775,55.87259098579673,0.019578993055555556,0.11564022954640281,0.7705187262481951,9.155208333333333
data\frames\input_video_1\input_video_1_frame_00246_246.00s.jpg,45.331753472222225,55.37708118156124,0.02526909722222222,0.13158244916557235,0.8070000761168109,6.077278645833333
data\frames\input_video_1\input_video_1_frame_00247_247.00s.jpg,48.37296440972222,58.39507661669702,0.027725694444444445,0.07531376367228154,0.7795018810738155,7.864713541666666
data\frames\input_video_1\input_video_1_frame_00248_248.00s.jpg,44.71551649305555,54.68813009670887,0.022065972222222223,0.06521486504378289,0.8084177089492169,7.156380208333333
data\frames\input_video_1\input_video_1_frame_00249_249.00s.jpg,45.14889322916667,55.46397288575338,0.025611979166666667,0.05409508456081646,0.8528929771381424,6.203450520833333
data\frames\input_video_1\input_video_1_frame_00250_250.00s.jpg,45.63298611111111,55.41015991349146,0.028016493055555557,0.05230424907665316,0.8108119087845799,6.744661458333334
data\frames\input_video_1\input_video_1_frame_00251_251.00s.jpg,45.656124131944445,55.24064824932293,0.028797743055555554,0.036173325021285695,0.8474663540000746,6.873046875
data\frames\input_video_1\input_video_1_frame_00252_252.00s.jpg,47.1779296875,56.38315300325804,0.030928819444444443,0.06790090390960649,0.7935539701559217,7.582486979166666
data\frames\input_video_1\input_video_1_frame_00253_253.00s.jpg,48.407977430555555,57.4827878426765,0.034140625,0.062603815531124,0.8205750548715158,7.280338541666667
data\frames\input_video_1\input_video_1_frame_00254_254.00s.jpg,47.83114583333333,57.323348243934596,0.0330078125,0.051149506037143244,0.8064241701054407,7.9056640625
data\frames\input_video_1\input_video_1_frame_00255_255.00s.jpg,46.68766927083333,56.78677938773158,0.030299479166666667,0.05906460051945963,0.7873837641484176,7.975390625
data\frames\input_video_1\input_video_1_frame_00256_256.00s.jpg,48.3748046875,57.251616332305474,0.037547743055555555,0.08301788204069412,0.7734515052469825,8.657161458333333
data\frames\input_video_1\input_video_1_frame_00257_257.00s.jpg,59.373272569444445,68.71219629239785,0.04662326388888889,0.08969427952740643,0.7767242015473482,10.5353515625
data\frames\input_video_1\input_video_1_frame_00258_258.00s.jpg,54.08368923611111,63.64193258314296,0.040303819444444444,0.0778711954848549,0.7786375032438526,9.874609375
data\frames\input_video_1\input_video_1_frame_00259_259.00s.jpg,48.239375,57.09010688180608,0.038203125,0.08168160364402552,0.7487988369155296,10.138020833333334
data\frames\input_video_1\input_video_1_frame_00260_260.00s.jpg,48.08174913194444,57.45723014014892,0.03741319444444444,0.07888507384125837,0.8007902184529523,8.502213541666666
data\frames\input_video_1\input_video_1_frame_00261_261.00s.jpg,47.97860677083333,57.32635531484548,0.03611111111111111,0.03493794754824144,0.8941164818944471,6.459114583333333
data\frames\input_video_1\input_video_1_frame_00262_262.00s.jpg,48.2681640625,57.29711771353458,0.03763020833333333,0.04448139679891656,0.9298313626315147,6.073958333333334
data\frames\input_video_1\input_video_1_frame_00263_263.00s.jpg,48.53421006944444,57.29893402226446,0.03808159722222222,0.04391531203381157,0.8482495094155075,8.055078125
data\frames\input_video_1\input_video_1_frame_00264_264.00s.jpg,48.79409722222222,57.7622803641403,0.03892795138888889,0.03974019688844197,0.8571536953446609,7.930013020833333
data\frames\input_video_1\input_video_1_frame_00265_265.00s.jpg,47.77201822916667,57.19170847453133,0.03717881944444444,0.04377020447185721,0.8552808460827873,7.7263671875
data\frames\input_video_1\input_video_1_frame_00266_266.00s.jpg,47.476215277777776,57.27216939676712,0.03717881944444444,0.04431814393597195,0.8752220478796989,7.260416666666667
data\frames\input_video_1\input_video_1_frame_00267_267.00s.jpg,47.6546484375,56.83651192088587,0.03826822916666667,0.050203507373292794,0.8550460972462379,7.8658203125
data\frames\input_video_1\input_video_1_frame_00268_268.00s.jpg,48.12448784722222,57.22655070163192,0.039153645833333334,0.03945943491405151,0.8691967520445516,7.1984375
data\frames\input_video_1\input_video_1_frame_00269_269.00s.jpg,47.914409722222224,56.930746114237735,0.03783854166666667,0.058037380644286436,0.8348594331748119,7.828190104166667
data\frames\input_video_1\input_video_1_frame_00270_270.00s.jpg,48.502109375,57.24931885568095,0.03892361111111111,0.05699785971791518,0.8232153646652586,7.426432291666667
data\frames\input_video_1\input_video_1_frame_00271_271.00s.jpg,46.89697916666667,56.3388719501081,0.040967881944444444,0.06610052439757125,0.8178237810229994,6.601888020833333
data\frames\input_video_1\input_video_1_frame_00272_272.00s.jpg,46.511631944444446,56.706316506291934,0.03969184027777778,0.05903158892156803,0.8789922459048904,5.075651041666666
data\frames\input_video_1\input_video_1_frame_00273_273.00s.jpg,47.71723090277778,56.56435415904016,0.03825520833333333,0.07980479085428553,0.8177420070244004,7.5138671875
data\frames\input_video_1\input_video_1_frame_00274_274.00s.jpg,46.9369921875,57.00128258774103,0.03973524305555556,0.07632812722768463,0.8140201727211682,7.644466145833333
data\frames\input_video_1\input_video_1_frame_00275_275.00s.jpg,44.997899305555556,55.81861415835496,0.03025607638888889,0.09953990140578681,0.7890822057192832,8.67265625
data\frames\input_video_1\input_video_1_frame_00276_276.00s.jpg,46.747782118055554,56.778514173323565,0.03828993055555555,0.07529621172848658,0.7929805581399499,7.996419270833333
data\frames\input_video_1\input_video_1_frame_00277_277.00s.jpg,45.52443576388889,56.753270464784656,0.03763454861111111,0.06896992233169719,0.8754375231791877,4.9705078125
data\frames\input_video_1\input_video_1_frame_00278_278.00s.jpg,56.51720486111111,66.29566769169158,0.045421006944444446,0.10461443767517384,0.7711362493952757,9.409765625
data\frames\input_video_1\input_video_1_frame_00279_279.00s.jpg,58.62520833333333,71.4235041453515,0.044066840277777776,0.11693237626181198,0.8094380818612187,7.205078125
data\frames\input_video_1\input_video_1_frame_00280_280.00s.jpg,44.11434027777778,56.490050201668154,0.03506076388888889,0.10640125604199675,0.8069206981985072,8.319596354166666
data\frames\input_video_1\input_video_1_frame_00281_281.00s.jpg,44.092434895833335,56.608752437157825,0.03576388888888889,0.0412900512956858,0.9165892333594249,3.1166666666666667
data\frames\input_video_1\input_video_1_frame_00282_282.00s.jpg,44.74831597222222,57.26254734781952,0.03788194444444445,0.04882250895896127,0.8897004944378561,3.670052083333333
data\frames\input_video_1\input_video_1_frame_00283_283.00s.jpg,46.453111979166664,57.89710181637527,0.040399305555555556,0.06650229123410226,0.857508163936545,4.920703125
data\frames\input_video_1\input_video_1_frame_00284_284.00s.jpg,44.860546875,56.91752277033883,0.039296875,0.07946804963353134,0.8674983166933357,4.984895833333334
data\frames\input_video_1\input_video_1_frame_00285_285.00s.jpg,44.946636284722224,56.925000720258154,0.04034722222222222,0.05889853679943852,0.9003155786767562,3.89140625
data\frames\input_video_1\input_video_1_frame_00286_286.00s.jpg,47.24415798611111,56.72210742039784,0.04014322916666667,0.09312482198907239,0.8451075792198262,4.9771484375
data\frames\input_video_1\input_video_1_frame_00287_287.00s.jpg,48.82694010416667,56.94584044378345,0.046649305555555555,0.11572430186672994,0.8019697416155206,7.741861979166667
data\frames\input_video_1\input_video_1_frame_00288_288.00s.jpg,48.062421875,56.777135668854605,0.0428515625,0.1070755372294994,0.8356812964347969,7.252669270833334
data\frames\input_video_1\input_video_1_frame_00289_289.00s.jpg,49.69157986111111,57.21285684292508,0.04627604166666666,0.09459704546748982,0.849988396827709,6.340690104166667
data\frames\input_video_1\input_video_1_frame_00290_290.00s.jpg,46.65337239583334,56.57290221566011,0.041631944444444444,0.14269064017511712,0.8121009669440816,7.227213541666667
data\frames\input_video_1\input_video_1_frame_00291_291.00s.jpg,48.56390625,57.422578653828324,0.044483506944444445,0.10858339931930167,0.8374717339082641,6.407096354166667
data\frames\input_video_1\input_video_1_frame_00292_292.00s.jpg,46.78102864583333,57.98122262779658,0.043298611111111114,0.09087807701989471,0.8202786964928244,6.581966145833333
data\frames\input_video_1\input_video_1_frame_00293_293.00s.jpg,44.569331597222224,57.17628603231475,0.039375,0.07554521241311987,0.881448949597123,4.493489583333333
data\frames\input_video_1\input_video_1_frame_00294_294.00s.jpg,45.135112847222224,57.24141538382428,0.04091579861111111,0.04566591453806506,0.932896139732188,2.7768880208333333
data\frames\input_video_1\input_video_1_frame_00295_295.00s.jpg,45.52427083333333,57.27768663817607,0.04273003472222222,0.044883600302751125,0.9217776771668459,3.632421875
data\frames\input_video_1\input_video_1_frame_00296_296.00s.jpg,45.43707465277778,57.10916218072202,0.04194878472222222,0.05235566464923022,0.893909232598573,4.192447916666667
data\frames\input_video_1\input_video_1_frame_00297_297.00s.jpg,46.47270833333334,57.893631299958074,0.04342881944444445,0.05226585116312046,0.8624360646593058,5.344596354166667
data\frames\input_video_1\input_video_1_frame_00298_298.00s.jpg,47.038120659722225,58.27334706569474,0.04439670138888889,0.03803475599201224,0.8799415575954562,5.271549479166667
data\frames\input_video_1\input_video_1_frame_00299_299.00s.jpg,45.52154079861111,57.51212398951774,0.043155381944444446,0.10027292619538253,0.8552851458491287,5.500651041666667
data\frames\input_video_1\input_video_1_frame_00300_300.00s.jpg,45.78977864583333,57.31669653728772,0.0449609375,0.05251551413151478,0.8991506371111672,3.886979166666667
data\frames\input_video_1\input_video_1_frame_00301_301.00s.jpg,46.35784722222222,57.43578623864792,0.04510416666666667,0.05705681260284159,0.8823334641415504,4.2732421875
data\frames\input_video_1\input_video_1_frame_00302_302.00s.jpg,47.967113715277776,58.31817227907133,0.04701388888888889,0.05250813443451597,0.8565542030890243,5.728645833333333
data\frames\input_video_1\input_video_1_frame_00303_303.00s.jpg,47.17322482638889,58.034619525521336,0.0433203125,0.059177948198649556,0.8650025305195372,5.171940104166667
data\frames\input_video_1\input_video_1_frame_00304_304.00s.jpg,49.17887152777778,58.54956212870137,0.04091145833333333,0.07652235638799651,0.8120479766624196,6.6240234375
data\frames\input_video_1\input_video_1_frame_00305_305.00s.jpg,46.09124131944444,58.03566768490509,0.04568576388888889,0.12555330495026967,0.8246484299717041,6.525520833333333
data\frames\input_video_1\input_video_1_frame_00306_306.00s.jpg,46.45250868055555,57.98781370234056,0.04834635416666667,0.04895547739718984,0.9259101837185352,3.5759765625
data\frames\input_video_1\input_video_1_frame_00307_307.00s.jpg,47.514913194444446,58.17446695691876,0.049440104166666665,0.057490377161385886,0.8991700788317881,4.58203125
data\frames\input_video_1\input_video_1_frame_00308_308.00s.jpg,49.34867621527778,57.172087787184324,0.04927517361111111,0.13506973360752414,0.805885588640279,8.18125
data\frames\input_video_1\input_video_1_frame_00309_309.00s.jpg,51.54913628472222,58.85345632787112,0.05325520833333333,0.12147859365970168,0.7683468510004133,10.457877604166667
data\frames\input_video_1\input_video_1_frame_00310_310.00s.jpg,60.01802083333333,70.35409106875503,0.051953125,0.11212404426221177,0.725021743687715,12.893880208333334
data\frames\input_video_1\input_video_1_frame_00311_311.00s.jpg,48.95584201388889,58.77538151256241,0.04144097222222222,0.10572788296870024,0.760679234093243,10.857421875
data\frames\input_video_1\input_video_1_frame_00312_312.00s.jpg,46.474049479166666,57.29092351191632,0.04103732638888889,0.09094757850134373,0.8010540945548282,7.695377604166667
data\frames\input_video_1\input_video_1_frame_00313_313.00s.jpg,48.003932291666665,57.754651479540534,0.03849392361111111,0.08286249189389627,0.8030512400464956,7.348958333333333
data\frames\input_video_1\input_video_1_frame_00314_314.00s.jpg,45.08581597222222,57.324704157975965,0.04258680555555556,0.1036863716465564,0.7914327531550219,7.695377604166667
data\frames\input_video_1\input_video_1_frame_00315_315.00s.jpg,45.835842013888886,57.41259779429014,0.04666666666666667,0.07245422135537977,0.9103690594617634,2.928515625
data\frames\input_video_1\input_video_1_frame_00316_316.00s.jpg,46.14120659722222,57.359320281859176,0.046475694444444444,0.04919642716447943,0.9177483802469479,3.30703125
data\frames\input_video_1\input_video_1_frame_00317_317.00s.jpg,46.851749131944445,57.57423186917872,0.0478125,0.05749805164548411,0.923168397846988,3.4951822916666666
data\frames\input_video_1\input_video_1_frame_00318_318.00s.jpg,47.297421875,57.78865457440533,0.04843315972222222,0.04695943822570807,0.9144551107248808,4.175846354166667
data\frames\input_video_1\input_video_1_frame_00319_319.00s.jpg,47.70666666666666,58.64073288063322,0.049401041666666666,0.08133929091871342,0.8826143787053565,3.9633463541666667
data\frames\input_video_1\input_video_1_frame_00320_320.00s.jpg,47.34306857638889,57.866119272688934,0.04740885416666667,0.07600437400435978,0.8839483312833658,3.4232421875
